{
  "data":[
    {
      "id":1,
      "name":"Jhon",
      "phone":"9090909090",
      "address":{
        "city":"Pune",
        "address_line1": "ABC road",
        "address_line2": "XYZ building",
        "postal_code": "12455"
      }
    },
      {
        "id":2,
        "name":"Priya",
        "phone":"AXYZ999999",
        "address":{
          "city":"Solapur",
          "address_line1": "ABC road",
          "address_line2": "XYZ building",
          "postal_code": "12455"
        }
      },
      {
        "id":3,
        "name":"Swapnil",
        "phone":"111111111",
        "address":{
          "city":"Pune",
          "address_line1": "ABC road",
          "address_line2": "XYZ building",
          "postal_code": "12455"
        }
    }
  ]
}